<?xml version="1.0" encoding="UTF-8" standalone="yes"?>
<addon id="plugin.video.skyewizard" name="[COLOR blue]Skye Wizard[/COLOR]" version="1.0" provider-name="merrick">
  <requires>
    <import addon="xbmc.python" version="2.1.0"/>
  </requires>
  <extension point="xbmc.python.pluginsource" library="default.py">
        <provides>video executable</provides>
  </extension>
  <extension point="xbmc.addon.metadata">
    <summary lang="en">skye reap</summary>
    <description lang="en">[B]Merry Christmas[/B] Skye xoxo</description>
    <platform>all</platform>
	<website>https://github.com/merrick-glimm/SkyeRepo/archive/main.zip</website>
  </extension>
</addon>
